MAC,SSID,AuthMode,FirstSeen,Channel,Frequency,RSSI,CurrentLatitude,CurrentLongitude,AltitudeMeters,AccuracyMeters,Type,NodeID,Manufacturer,BearingDeg,RangeM,InCone,HLockDeg,UptimeMs,SchemaVersion
AA:BB:CC:DD:EE:0A,,[ESS],00:00,11,2462,-70,0,0,0,-1,WIFI,1,Unknown,-1,-1,0,-1,41,1
AA:BB:CC:DD:EE:0C,PrintServer,[WPA2],00:05,9,2452,-76,0,0,0,-1,WIFI,1,Apple Inc,-1,-1,0,-1,5800,1
AA:BB:CC:DD:EE:02,CoffeeShop,[WPA2],00:11,4,2427,-80,0,0,0,-1,WIFI,2,Unknown,-1,-1,0,-1,11287,1
AA:BB:CC:DD:EE:06,eduroam,[ESS],00:17,3,2422,-74,0,0,0,-1,WIFI,1,Cisco Systems,-1,-1,0,-1,17262,1
30:76:F5:06:28:C5,ANCHOR-REF,[WPA2],00:18,6,2437,-54,0,0,0,-1,WIFI,1,Espressif,-1,-1,0,-1,18750,1
30:76:F5:06:28:C5,ANCHOR-REF,[WPA2],00:18,6,2437,-63,0,0,0,-1,WIFI,2,Espressif,-1,-1,0,-1,18955,1
AA:BB:CC:DD:EE:01,HomeNetwork_2G,[WPA3],00:22,6,2437,-84,0,0,0,-1,WIFI,2,Espressif,-1,-1,0,-1,22715,1
AA:BB:CC:DD:EE:09,Linksys,[WPA3],00:28,3,2422,-76,0,0,0,-1,WIFI,2,Raspberry Pi Trading Ltd,-1,-1,0,-1,28516,1
AA:BB:CC:DD:EE:0C,PrintServer,[WPA2],00:33,9,2452,-78,0,0,0,-1,WIFI,1,Apple Inc,-1,-1,0,-1,33924,1
AA:BB:CC:DD:EE:0D,IoT-Hub,[ESS],00:39,6,2437,-60,0,0,0,-1,WIFI,1,Samsung Electronics,-1,-1,0,-1,39671,1
AA:BB:CC:DD:EE:08,ATT-WiFi,[WPA2],00:45,6,2437,-79,0,0,0,-1,WIFI,2,Cisco Systems,-1,-1,0,-1,45138,1
AA:BB:CC:DD:EE:0C,PrintServer,[WPA2],00:50,9,2452,-75,0,0,0,-1,WIFI,2,Apple Inc,-1,-1,0,-1,50656,1
30:76:F5:06:28:C5,ANCHOR-REF,[WPA2],00:56,6,2437,-53,0,0,0,-1,WIFI,1,Espressif,-1,-1,0,-1,56250,1
30:76:F5:06:28:C5,ANCHOR-REF,[WPA2],00:56,6,2437,-61,0,0,0,-1,WIFI,2,Espressif,-1,-1,0,-1,56362,1
AA:BB:CC:DD:EE:0B,NETGEAR47,[WPA2],00:56,9,2452,-61,0,0,0,-1,WIFI,2,Netgear,-1,-1,0,-1,56545,1
AA:BB:CC:DD:EE:07,xfinitywifi,[WPA2][WPA3],01:02,13,2472,-58,0,0,0,-1,WIFI,2,Cisco Systems,-1,-1,0,-1,62241,1
AA:BB:CC:DD:EE:08,ATT-WiFi,[WPA2],01:07,6,2437,-71,0,0,0,-1,WIFI,1,Cisco Systems,-1,-1,0,-1,67511,1
AA:BB:CC:DD:EE:08,ATT-WiFi,[WPA2],01:13,6,2437,-68,0,0,0,-1,WIFI,1,Cisco Systems,-1,-1,0,-1,73184,1
AA:BB:CC:DD:EE:03,(hidden),[WPA3],01:18,9,2452,-50,0,0,0,-1,WIFI,2,Cisco Systems,-1,-1,0,-1,78897,1
AA:BB:CC:DD:EE:0F,Studio,[WPA3],01:24,6,2437,-72,0,0,0,-1,WIFI,2,Raspberry Pi Trading Ltd,-1,-1,0,-1,84575,1
AA:BB:CC:DD:EE:08,ATT-WiFi,[WPA2],01:30,6,2437,-76,0,0,0,-1,WIFI,1,Cisco Systems,-1,-1,0,-1,90085,1
30:76:F5:06:28:C5,ANCHOR-REF,[WPA2],01:33,6,2437,-54,0,0,0,-1,WIFI,1,Espressif,-1,-1,0,-1,93750,1
30:76:F5:06:28:C5,ANCHOR-REF,[WPA2],01:33,6,2437,-63,0,0,0,-1,WIFI,2,Espressif,-1,-1,0,-1,93910,1
AA:BB:CC:DD:EE:0E,Garage,[WPA3],01:35,3,2422,-57,0,0,0,-1,WIFI,1,Samsung Electronics,-1,-1,0,-1,95695,1
AA:BB:CC:DD:EE:0C,PrintServer,[WPA2],01:41,9,2452,-80,0,0,0,-1,WIFI,1,Apple Inc,-1,-1,0,-1,101392,1
AA:BB:CC:DD:EE:0F,Studio,[WPA3],01:47,6,2437,-70,0,0,0,-1,WIFI,1,Raspberry Pi Trading Ltd,-1,-1,0,-1,107224,1
AA:BB:CC:DD:EE:02,CoffeeShop,[WPA2],01:52,4,2427,-79,0,0,0,-1,WIFI,1,Unknown,-1,-1,0,-1,112577,1
AA:BB:CC:DD:EE:04,LibraryWiFi,[WPA2][WPA3],01:58,1,2412,-52,0,0,0,-1,WIFI,1,Apple Inc,-1,-1,0,-1,118462,1
AA:BB:CC:DD:EE:05,Office-Guest,[WEP],02:03,1,2412,-81,0,0,0,-1,WIFI,1,Netgear,-1,-1,0,-1,123843,1
AA:BB:CC:DD:EE:09,Linksys,[WPA3],02:09,3,2422,-72,0,0,0,-1,WIFI,1,Raspberry Pi Trading Ltd,-1,-1,0,-1,129588,1
30:76:F5:06:28:C5,ANCHOR-REF,[WPA2],02:11,6,2437,-54,0,0,0,-1,WIFI,1,Espressif,-1,-1,0,-1,131250,1
30:76:F5:06:28:C5,ANCHOR-REF,[WPA2],02:11,6,2437,-64,0,0,0,-1,WIFI,2,Espressif,-1,-1,0,-1,131492,1
AA:BB:CC:DD:EE:03,(hidden),[WPA3],02:15,9,2452,-48,0,0,0,-1,WIFI,2,Cisco Systems,-1,-1,0,-1,135163,1
AA:BB:CC:DD:EE:0B,NETGEAR47,[WPA2],02:20,9,2452,-65,0,0,0,-1,WIFI,2,Netgear,-1,-1,0,-1,140941,1
AA:BB:CC:DD:EE:0F,Studio,[WPA3],02:26,6,2437,-63,0,0,0,-1,WIFI,2,Raspberry Pi Trading Ltd,-1,-1,0,-1,146483,1
AA:BB:CC:DD:EE:07,xfinitywifi,[WPA2][WPA3],02:32,13,2472,-57,0,0,0,-1,WIFI,1,Cisco Systems,-1,-1,0,-1,152161,1
AA:BB:CC:DD:EE:08,ATT-WiFi,[WPA2],02:37,6,2437,-80,0,0,0,-1,WIFI,2,Cisco Systems,-1,-1,0,-1,157553,1
AA:BB:CC:DD:EE:02,CoffeeShop,[WPA2],02:43,4,2427,-75,0,0,0,-1,WIFI,2,Unknown,-1,-1,0,-1,163222,1
30:76:F5:06:28:C5,ANCHOR-REF,[WPA2],02:48,6,2437,-51,0,0,0,-1,WIFI,1,Espressif,-1,-1,0,-1,168750,1
AA:BB:CC:DD:EE:02,CoffeeShop,[WPA2],02:48,4,2427,-82,0,0,0,-1,WIFI,1,Unknown,-1,-1,0,-1,168833,1
30:76:F5:06:28:C5,ANCHOR-REF,[WPA2],02:49,6,2437,-57,0,0,0,-1,WIFI,2,Espressif,-1,-1,0,-1,169012,1
AA:BB:CC:DD:EE:01,HomeNetwork_2G,[WPA3],02:54,6,2437,-77,0,0,0,-1,WIFI,2,Espressif,-1,-1,0,-1,174427,1
AA:BB:CC:DD:EE:06,eduroam,[ESS],03:00,3,2422,-80,0,0,0,-1,WIFI,2,Cisco Systems,-1,-1,0,-1,180051,1
AA:BB:CC:DD:EE:0A,,[ESS],03:05,11,2462,-67,0,0,0,-1,WIFI,1,Unknown,-1,-1,0,-1,185731,1
AA:BB:CC:DD:EE:06,eduroam,[ESS],03:11,3,2422,-74,0,0,0,-1,WIFI,2,Cisco Systems,-1,-1,0,-1,191379,1
AA:BB:CC:DD:EE:02,CoffeeShop,[WPA2],03:16,4,2427,-75,0,0,0,-1,WIFI,2,Unknown,-1,-1,0,-1,196937,1
AA:BB:CC:DD:EE:08,ATT-WiFi,[WPA2],03:22,6,2437,-78,0,0,0,-1,WIFI,1,Cisco Systems,-1,-1,0,-1,202745,1
30:76:F5:06:28:C5,ANCHOR-REF,[WPA2],03:26,6,2437,-50,0,0,0,-1,WIFI,1,Espressif,-1,-1,0,-1,206250,1
30:76:F5:06:28:C5,ANCHOR-REF,[WPA2],03:26,6,2437,-57,0,0,0,-1,WIFI,2,Espressif,-1,-1,0,-1,206493,1
AA:BB:CC:DD:EE:0C,PrintServer,[WPA2],03:28,9,2452,-81,0,0,0,-1,WIFI,1,Apple Inc,-1,-1,0,-1,208177,1
AA:BB:CC:DD:EE:0E,Garage,[WPA3],03:33,3,2422,-57,0,0,0,-1,WIFI,2,Samsung Electronics,-1,-1,0,-1,213995,1
AA:BB:CC:DD:EE:04,LibraryWiFi,[WPA2][WPA3],03:39,1,2412,-53,0,0,0,-1,WIFI,2,Apple Inc,-1,-1,0,-1,219386,1
AA:BB:CC:DD:EE:03,(hidden),[WPA3],03:45,9,2452,-56,0,0,0,-1,WIFI,2,Cisco Systems,-1,-1,0,-1,225185,1
AA:BB:CC:DD:EE:09,Linksys,[WPA3],03:51,3,2422,-71,0,0,0,-1,WIFI,1,Raspberry Pi Trading Ltd,-1,-1,0,-1,231012,1
AA:BB:CC:DD:EE:0C,PrintServer,[WPA2],03:56,9,2452,-77,0,0,0,-1,WIFI,2,Apple Inc,-1,-1,0,-1,236296,1
AA:BB:CC:DD:EE:0F,Studio,[WPA3],04:02,6,2437,-61,0,0,0,-1,WIFI,1,Raspberry Pi Trading Ltd,-1,-1,0,-1,242062,1
30:76:F5:06:28:C5,ANCHOR-REF,[WPA2],04:03,6,2437,-53,0,0,0,-1,WIFI,1,Espressif,-1,-1,0,-1,243749,1
30:76:F5:06:28:C5,ANCHOR-REF,[WPA2],04:03,6,2437,-63,0,0,0,-1,WIFI,2,Espressif,-1,-1,0,-1,243932,1
AA:BB:CC:DD:EE:09,Linksys,[WPA3],04:07,3,2422,-73,0,0,0,-1,WIFI,2,Raspberry Pi Trading Ltd,-1,-1,0,-1,247614,1
AA:BB:CC:DD:EE:0B,NETGEAR47,[WPA2],04:13,9,2452,-53,0,0,0,-1,WIFI,1,Netgear,-1,-1,0,-1,253293,1
AA:BB:CC:DD:EE:0E,Garage,[WPA3],04:19,3,2422,-62,0,0,0,-1,WIFI,1,Samsung Electronics,-1,-1,0,-1,259137,1
AA:BB:CC:DD:EE:0C,PrintServer,[WPA2],04:24,9,2452,-82,0,0,0,-1,WIFI,2,Apple Inc,-1,-1,0,-1,264580,1
AA:BB:CC:DD:EE:08,ATT-WiFi,[WPA2],04:30,6,2437,-80,0,0,0,-1,WIFI,1,Cisco Systems,-1,-1,0,-1,270265,1
AA:BB:CC:DD:EE:0D,IoT-Hub,[ESS],04:35,6,2437,-57,0,0,0,-1,WIFI,1,Samsung Electronics,-1,-1,0,-1,275639,1
30:76:F5:06:28:C5,ANCHOR-REF,[WPA2],04:41,6,2437,-50,0,0,0,-1,WIFI,1,Espressif,-1,-1,0,-1,281250,1
AA:BB:CC:DD:EE:0C,PrintServer,[WPA2],04:41,9,2452,-80,0,0,0,-1,WIFI,2,Apple Inc,-1,-1,0,-1,281349,1
30:76:F5:06:28:C5,ANCHOR-REF,[WPA2],04:41,6,2437,-57,0,0,0,-1,WIFI,2,Espressif,-1,-1,0,-1,281542,1
AA:BB:CC:DD:EE:0D,IoT-Hub,[ESS],04:47,6,2437,-56,0,0,0,-1,WIFI,2,Samsung Electronics,-1,-1,0,-1,287103,1
AA:BB:CC:DD:EE:02,CoffeeShop,[WPA2],04:52,4,2427,-79,0,0,0,-1,WIFI,1,Unknown,-1,-1,0,-1,292686,1
AA:BB:CC:DD:EE:04,LibraryWiFi,[WPA2][WPA3],04:58,1,2412,-54,0,0,0,-1,WIFI,1,Apple Inc,-1,-1,0,-1,298365,1
AA:BB:CC:DD:EE:0F,Studio,[WPA3],05:04,6,2437,-73,0,0,0,-1,WIFI,2,Raspberry Pi Trading Ltd,-1,-1,0,-1,304069,1
AA:BB:CC:DD:EE:0F,Studio,[WPA3],05:09,6,2437,-61,0,0,0,-1,WIFI,2,Raspberry Pi Trading Ltd,-1,-1,0,-1,309620,1
AA:BB:CC:DD:EE:02,CoffeeShop,[WPA2],05:15,4,2427,-81,0,0,0,-1,WIFI,2,Unknown,-1,-1,0,-1,315329,1
30:76:F5:06:28:C5,ANCHOR-REF,[WPA2],05:18,6,2437,-51,0,0,0,-1,WIFI,1,Espressif,-1,-1,0,-1,318750,1
30:76:F5:06:28:C5,ANCHOR-REF,[WPA2],05:18,6,2437,-58,0,0,0,-1,WIFI,2,Espressif,-1,-1,0,-1,318974,1
AA:BB:CC:DD:EE:0D,IoT-Hub,[ESS],05:20,6,2437,-58,0,0,0,-1,WIFI,2,Samsung Electronics,-1,-1,0,-1,320823,1
AA:BB:CC:DD:EE:0F,Studio,[WPA3],05:26,6,2437,-61,0,0,0,-1,WIFI,1,Raspberry Pi Trading Ltd,-1,-1,0,-1,326494,1
AA:BB:CC:DD:EE:06,eduroam,[ESS],05:32,3,2422,-70,0,0,0,-1,WIFI,1,Cisco Systems,-1,-1,0,-1,332200,1
AA:BB:CC:DD:EE:08,ATT-WiFi,[WPA2],05:37,6,2437,-79,0,0,0,-1,WIFI,1,Cisco Systems,-1,-1,0,-1,337702,1
AA:BB:CC:DD:EE:03,(hidden),[WPA3],05:43,9,2452,-54,0,0,0,-1,WIFI,1,Cisco Systems,-1,-1,0,-1,343496,1
AA:BB:CC:DD:EE:03,(hidden),[WPA3],05:48,9,2452,-49,0,0,0,-1,WIFI,2,Cisco Systems,-1,-1,0,-1,348764,1
AA:BB:CC:DD:EE:03,(hidden),[WPA3],05:54,9,2452,-47,0,0,0,-1,WIFI,2,Cisco Systems,-1,-1,0,-1,354710,1
30:76:F5:06:28:C5,ANCHOR-REF,[WPA2],05:56,6,2437,-53,0,0,0,-1,WIFI,1,Espressif,-1,-1,0,-1,356250,1
30:76:F5:06:28:C5,ANCHOR-REF,[WPA2],05:56,6,2437,-59,0,0,0,-1,WIFI,2,Espressif,-1,-1,0,-1,356432,1
AA:BB:CC:DD:EE:0B,NETGEAR47,[WPA2],06:00,9,2452,-63,0,0,0,-1,WIFI,2,Netgear,-1,-1,0,-1,360242,1
AA:BB:CC:DD:EE:09,Linksys,[WPA3],06:05,3,2422,-81,0,0,0,-1,WIFI,1,Raspberry Pi Trading Ltd,-1,-1,0,-1,365905,1
AA:BB:CC:DD:EE:0B,NETGEAR47,[WPA2],06:11,9,2452,-54,0,0,0,-1,WIFI,1,Netgear,-1,-1,0,-1,371621,1
AA:BB:CC:DD:EE:07,xfinitywifi,[WPA2][WPA3],06:16,13,2472,-60,0,0,0,-1,WIFI,2,Cisco Systems,-1,-1,0,-1,376946,1
AA:BB:CC:DD:EE:01,HomeNetwork_2G,[WPA3],06:22,6,2437,-81,0,0,0,-1,WIFI,1,Espressif,-1,-1,0,-1,382608,1
AA:BB:CC:DD:EE:04,LibraryWiFi,[WPA2][WPA3],06:28,1,2412,-56,0,0,0,-1,WIFI,2,Apple Inc,-1,-1,0,-1,388381,1
30:76:F5:06:28:C5,ANCHOR-REF,[WPA2],06:33,6,2437,-50,0,0,0,-1,WIFI,1,Espressif,-1,-1,0,-1,393750,1
AA:BB:CC:DD:EE:09,Linksys,[WPA3],06:33,3,2422,-79,0,0,0,-1,WIFI,1,Raspberry Pi Trading Ltd,-1,-1,0,-1,393882,1
30:76:F5:06:28:C5,ANCHOR-REF,[WPA2],06:33,6,2437,-57,0,0,0,-1,WIFI,2,Espressif,-1,-1,0,-1,393928,1
AA:BB:CC:DD:EE:0F,Studio,[WPA3],06:39,6,2437,-66,0,0,0,-1,WIFI,2,Raspberry Pi Trading Ltd,-1,-1,0,-1,399406,1
AA:BB:CC:DD:EE:0A,,[ESS],06:45,11,2462,-69,0,0,0,-1,WIFI,2,Unknown,-1,-1,0,-1,405339,1
AA:BB:CC:DD:EE:0E,Garage,[WPA3],06:50,3,2422,-57,0,0,0,-1,WIFI,2,Samsung Electronics,-1,-1,0,-1,410840,1
AA:BB:CC:DD:EE:09,Linksys,[WPA3],06:56,3,2422,-73,0,0,0,-1,WIFI,1,Raspberry Pi Trading Ltd,-1,-1,0,-1,416316,1
AA:BB:CC:DD:EE:0E,Garage,[WPA3],07:01,3,2422,-63,0,0,0,-1,WIFI,1,Samsung Electronics,-1,-1,0,-1,421884,1
AA:BB:CC:DD:EE:01,HomeNetwork_2G,[WPA3],07:07,6,2437,-83,0,0,0,-1,WIFI,2,Espressif,-1,-1,0,-1,427811,1
30:76:F5:06:28:C5,ANCHOR-REF,[WPA2],07:11,6,2437,-52,0,0,0,-1,WIFI,1,Espressif,-1,-1,0,-1,431250,1
30:76:F5:06:28:C5,ANCHOR-REF,[WPA2],07:11,6,2437,-58,0,0,0,-1,WIFI,2,Espressif,-1,-1,0,-1,431368,1
AA:BB:CC:DD:EE:03,(hidden),[WPA3],07:13,9,2452,-45,0,0,0,-1,WIFI,1,Cisco Systems,-1,-1,0,-1,433213,1
AA:BB:CC:DD:EE:09,Linksys,[WPA3],07:18,3,2422,-71,0,0,0,-1,WIFI,1,Raspberry Pi Trading Ltd,-1,-1,0,-1,438811,1
AA:BB:CC:DD:EE:09,Linksys,[WPA3],07:24,3,2422,-69,0,0,0,-1,WIFI,2,Raspberry Pi Trading Ltd,-1,-1,0,-1,444640,1
AA:BB:CC:DD:EE:02,CoffeeShop,[WPA2],07:30,4,2427,-82,0,0,0,-1,WIFI,2,Unknown,-1,-1,0,-1,450397,1
AA:BB:CC:DD:EE:04,LibraryWiFi,[WPA2][WPA3],07:35,1,2412,-49,0,0,0,-1,WIFI,1,Apple Inc,-1,-1,0,-1,455752,1
AA:BB:CC:DD:EE:09,Linksys,[WPA3],07:41,3,2422,-81,0,0,0,-1,WIFI,1,Raspberry Pi Trading Ltd,-1,-1,0,-1,461299,1
AA:BB:CC:DD:EE:0F,Studio,[WPA3],07:47,6,2437,-66,0,0,0,-1,WIFI,2,Raspberry Pi Trading Ltd,-1,-1,0,-1,467264,1
30:76:F5:06:28:C5,ANCHOR-REF,[WPA2],07:48,6,2437,-53,0,0,0,-1,WIFI,1,Espressif,-1,-1,0,-1,468750,1
30:76:F5:06:28:C5,ANCHOR-REF,[WPA2],07:48,6,2437,-60,0,0,0,-1,WIFI,2,Espressif,-1,-1,0,-1,468840,1
AA:BB:CC:DD:EE:0A,,[ESS],07:52,11,2462,-68,0,0,0,-1,WIFI,2,Unknown,-1,-1,0,-1,472666,1
AA:BB:CC:DD:EE:04,LibraryWiFi,[WPA2][WPA3],07:58,1,2412,-54,0,0,0,-1,WIFI,2,Apple Inc,-1,-1,0,-1,478387,1
AA:BB:CC:DD:EE:09,Linksys,[WPA3],08:04,3,2422,-73,0,0,0,-1,WIFI,2,Raspberry Pi Trading Ltd,-1,-1,0,-1,484010,1
AA:BB:CC:DD:EE:0C,PrintServer,[WPA2],08:09,9,2452,-81,0,0,0,-1,WIFI,2,Apple Inc,-1,-1,0,-1,489500,1
AA:BB:CC:DD:EE:0F,Studio,[WPA3],08:15,6,2437,-66,0,0,0,-1,WIFI,2,Raspberry Pi Trading Ltd,-1,-1,0,-1,495286,1
AA:BB:CC:DD:EE:07,xfinitywifi,[WPA2][WPA3],08:20,13,2472,-56,0,0,0,-1,WIFI,1,Cisco Systems,-1,-1,0,-1,500695,1
30:76:F5:06:28:C5,ANCHOR-REF,[WPA2],08:26,6,2437,-50,0,0,0,-1,WIFI,1,Espressif,-1,-1,0,-1,506250,1
AA:BB:CC:DD:EE:02,CoffeeShop,[WPA2],08:26,4,2427,-76,0,0,0,-1,WIFI,2,Unknown,-1,-1,0,-1,506411,1
30:76:F5:06:28:C5,ANCHOR-REF,[WPA2],08:26,6,2437,-56,0,0,0,-1,WIFI,2,Espressif,-1,-1,0,-1,506500,1
AA:BB:CC:DD:EE:04,LibraryWiFi,[WPA2][WPA3],08:31,1,2412,-49,0,0,0,-1,WIFI,2,Apple Inc,-1,-1,0,-1,511912,1
AA:BB:CC:DD:EE:0F,Studio,[WPA3],08:37,6,2437,-62,0,0,0,-1,WIFI,2,Raspberry Pi Trading Ltd,-1,-1,0,-1,517561,1
AA:BB:CC:DD:EE:0B,NETGEAR47,[WPA2],08:43,9,2452,-61,0,0,0,-1,WIFI,1,Netgear,-1,-1,0,-1,523454,1
AA:BB:CC:DD:EE:08,ATT-WiFi,[WPA2],08:48,6,2437,-79,0,0,0,-1,WIFI,1,Cisco Systems,-1,-1,0,-1,528820,1
AA:BB:CC:DD:EE:0F,Studio,[WPA3],08:54,6,2437,-63,0,0,0,-1,WIFI,1,Raspberry Pi Trading Ltd,-1,-1,0,-1,534578,1
AA:BB:CC:DD:EE:03,(hidden),[WPA3],09:00,9,2452,-48,0,0,0,-1,WIFI,2,Cisco Systems,-1,-1,0,-1,540114,1
30:76:F5:06:28:C5,ANCHOR-REF,[WPA2],09:03,6,2437,-52,0,0,0,-1,WIFI,1,Espressif,-1,-1,0,-1,543750,1
30:76:F5:06:28:C5,ANCHOR-REF,[WPA2],09:03,6,2437,-58,0,0,0,-1,WIFI,2,Espressif,-1,-1,0,-1,543929,1
AA:BB:CC:DD:EE:06,eduroam,[ESS],09:05,3,2422,-76,0,0,0,-1,WIFI,1,Cisco Systems,-1,-1,0,-1,545831,1
AA:BB:CC:DD:EE:02,CoffeeShop,[WPA2],09:11,4,2427,-82,0,0,0,-1,WIFI,2,Unknown,-1,-1,0,-1,551413,1
AA:BB:CC:DD:EE:09,Linksys,[WPA3],09:17,3,2422,-70,0,0,0,-1,WIFI,1,Raspberry Pi Trading Ltd,-1,-1,0,-1,557048,1
AA:BB:CC:DD:EE:07,xfinitywifi,[WPA2][WPA3],09:22,13,2472,-54,0,0,0,-1,WIFI,1,Cisco Systems,-1,-1,0,-1,562509,1
AA:BB:CC:DD:EE:09,Linksys,[WPA3],09:28,3,2422,-80,0,0,0,-1,WIFI,2,Raspberry Pi Trading Ltd,-1,-1,0,-1,568276,1
AA:BB:CC:DD:EE:0F,Studio,[WPA3],09:33,6,2437,-69,0,0,0,-1,WIFI,1,Raspberry Pi Trading Ltd,-1,-1,0,-1,573867,1
AA:BB:CC:DD:EE:01,HomeNetwork_2G,[WPA3],09:39,6,2437,-83,0,0,0,-1,WIFI,2,Espressif,-1,-1,0,-1,579514,1
30:76:F5:06:28:C5,ANCHOR-REF,[WPA2],09:41,6,2437,-50,0,0,0,-1,WIFI,1,Espressif,-1,-1,0,-1,581250,1
30:76:F5:06:28:C5,ANCHOR-REF,[WPA2],09:41,6,2437,-59,0,0,0,-1,WIFI,2,Espressif,-1,-1,0,-1,581470,1
AA:BB:CC:DD:EE:0D,IoT-Hub,[ESS],09:45,6,2437,-55,0,0,0,-1,WIFI,1,Samsung Electronics,-1,-1,0,-1,585138,1
AA:BB:CC:DD:EE:0E,Garage,[WPA3],09:50,3,2422,-59,0,0,0,-1,WIFI,2,Samsung Electronics,-1,-1,0,-1,590971,1
AA:BB:CC:DD:EE:09,Linksys,[WPA3],09:56,3,2422,-72,0,0,0,-1,WIFI,2,Raspberry Pi Trading Ltd,-1,-1,0,-1,596326,1
AA:BB:CC:DD:EE:0C,PrintServer,[WPA2],10:02,9,2452,-81,0,0,0,-1,WIFI,1,Apple Inc,-1,-1,0,-1,602128,1
AA:BB:CC:DD:EE:0D,IoT-Hub,[ESS],10:07,6,2437,-55,0,0,0,-1,WIFI,2,Samsung Electronics,-1,-1,0,-1,607529,1
AA:BB:CC:DD:EE:05,Office-Guest,[WEP],10:13,1,2412,-73,0,0,0,-1,WIFI,2,Netgear,-1,-1,0,-1,613162,1
30:76:F5:06:28:C5,ANCHOR-REF,[WPA2],10:18,6,2437,-52,0,0,0,-1,WIFI,1,Espressif,-1,-1,0,-1,618750,1
AA:BB:CC:DD:EE:0D,IoT-Hub,[ESS],10:18,6,2437,-52,0,0,0,-1,WIFI,1,Samsung Electronics,-1,-1,0,-1,618795,1
30:76:F5:06:28:C5,ANCHOR-REF,[WPA2],10:18,6,2437,-61,0,0,0,-1,WIFI,2,Espressif,-1,-1,0,-1,618908,1
AA:BB:CC:DD:EE:02,CoffeeShop,[WPA2],10:24,4,2427,-81,0,0,0,-1,WIFI,1,Unknown,-1,-1,0,-1,624488,1
AA:BB:CC:DD:EE:01,HomeNetwork_2G,[WPA3],10:30,6,2437,-77,0,0,0,-1,WIFI,1,Espressif,-1,-1,0,-1,630232,1
AA:BB:CC:DD:EE:0F,Studio,[WPA3],10:35,6,2437,-64,0,0,0,-1,WIFI,2,Raspberry Pi Trading Ltd,-1,-1,0,-1,635838,1
AA:BB:CC:DD:EE:01,HomeNetwork_2G,[WPA3],10:41,6,2437,-82,0,0,0,-1,WIFI,2,Espressif,-1,-1,0,-1,641316,1
AA:BB:CC:DD:EE:03,(hidden),[WPA3],10:46,9,2452,-54,0,0,0,-1,WIFI,1,Cisco Systems,-1,-1,0,-1,646931,1
AA:BB:CC:DD:EE:0F,Studio,[WPA3],10:52,6,2437,-69,0,0,0,-1,WIFI,1,Raspberry Pi Trading Ltd,-1,-1,0,-1,652603,1
30:76:F5:06:28:C5,ANCHOR-REF,[WPA2],10:56,6,2437,-50,0,0,0,-1,WIFI,1,Espressif,-1,-1,0,-1,656250,1
30:76:F5:06:28:C5,ANCHOR-REF,[WPA2],10:56,6,2437,-57,0,0,0,-1,WIFI,2,Espressif,-1,-1,0,-1,656438,1
AA:BB:CC:DD:EE:0D,IoT-Hub,[ESS],10:58,6,2437,-54,0,0,0,-1,WIFI,1,Samsung Electronics,-1,-1,0,-1,658396,1
AA:BB:CC:DD:EE:0B,NETGEAR47,[WPA2],11:04,9,2452,-60,0,0,0,-1,WIFI,1,Netgear,-1,-1,0,-1,664006,1
AA:BB:CC:DD:EE:05,Office-Guest,[WEP],11:09,1,2412,-83,0,0,0,-1,WIFI,1,Netgear,-1,-1,0,-1,669384,1
AA:BB:CC:DD:EE:09,Linksys,[WPA3],11:15,3,2422,-78,0,0,0,-1,WIFI,2,Raspberry Pi Trading Ltd,-1,-1,0,-1,675375,1
AA:BB:CC:DD:EE:08,ATT-WiFi,[WPA2],11:20,6,2437,-73,0,0,0,-1,WIFI,1,Cisco Systems,-1,-1,0,-1,680888,1
AA:BB:CC:DD:EE:0B,NETGEAR47,[WPA2],11:26,9,2452,-59,0,0,0,-1,WIFI,2,Netgear,-1,-1,0,-1,686304,1
AA:BB:CC:DD:EE:08,ATT-WiFi,[WPA2],11:32,6,2437,-74,0,0,0,-1,WIFI,2,Cisco Systems,-1,-1,0,-1,692211,1
30:76:F5:06:28:C5,ANCHOR-REF,[WPA2],11:33,6,2437,-51,0,0,0,-1,WIFI,1,Espressif,-1,-1,0,-1,693750,1
30:76:F5:06:28:C5,ANCHOR-REF,[WPA2],11:33,6,2437,-59,0,0,0,-1,WIFI,2,Espressif,-1,-1,0,-1,693944,1
AA:BB:CC:DD:EE:05,Office-Guest,[WEP],11:37,1,2412,-80,0,0,0,-1,WIFI,2,Netgear,-1,-1,0,-1,697759,1
AA:BB:CC:DD:EE:04,LibraryWiFi,[WPA2][WPA3],11:43,1,2412,-50,0,0,0,-1,WIFI,2,Apple Inc,-1,-1,0,-1,703300,1
AA:BB:CC:DD:EE:0B,NETGEAR47,[WPA2],11:49,9,2452,-60,0,0,0,-1,WIFI,1,Netgear,-1,-1,0,-1,709123,1
AA:BB:CC:DD:EE:0E,Garage,[WPA3],11:54,3,2422,-64,0,0,0,-1,WIFI,1,Samsung Electronics,-1,-1,0,-1,714402,1
AA:BB:CC:DD:EE:0C,PrintServer,[WPA2],12:00,9,2452,-79,0,0,0,-1,WIFI,2,Apple Inc,-1,-1,0,-1,720320,1
AA:BB:CC:DD:EE:01,HomeNetwork_2G,[WPA3],12:05,6,2437,-79,0,0,0,-1,WIFI,1,Espressif,-1,-1,0,-1,725708,1
30:76:F5:06:28:C5,ANCHOR-REF,[WPA2],12:11,6,2437,-50,0,0,0,-1,WIFI,1,Espressif,-1,-1,0,-1,731250,1
30:76:F5:06:28:C5,ANCHOR-REF,[WPA2],12:11,6,2437,-59,0,0,0,-1,WIFI,2,Espressif,-1,-1,0,-1,731375,1
AA:BB:CC:DD:EE:0B,NETGEAR47,[WPA2],12:11,9,2452,-56,0,0,0,-1,WIFI,2,Netgear,-1,-1,0,-1,731509,1
AA:BB:CC:DD:EE:0C,PrintServer,[WPA2],12:16,9,2452,-78,0,0,0,-1,WIFI,1,Apple Inc,-1,-1,0,-1,736999,1
AA:BB:CC:DD:EE:03,(hidden),[WPA3],12:22,9,2452,-56,0,0,0,-1,WIFI,1,Cisco Systems,-1,-1,0,-1,742594,1
AA:BB:CC:DD:EE:06,eduroam,[ESS],12:28,3,2422,-73,0,0,0,-1,WIFI,2,Cisco Systems,-1,-1,0,-1,748259,1
AA:BB:CC:DD:EE:04,LibraryWiFi,[WPA2][WPA3],12:33,1,2412,-57,0,0,0,-1,WIFI,1,Apple Inc,-1,-1,0,-1,753915,1
AA:BB:CC:DD:EE:06,eduroam,[ESS],12:39,3,2422,-76,0,0,0,-1,WIFI,1,Cisco Systems,-1,-1,0,-1,759486,1
AA:BB:CC:DD:EE:02,CoffeeShop,[WPA2],12:45,4,2427,-74,0,0,0,-1,WIFI,1,Unknown,-1,-1,0,-1,765195,1
30:76:F5:06:28:C5,ANCHOR-REF,[WPA2],12:48,6,2437,-54,0,0,0,-1,WIFI,1,Espressif,-1,-1,0,-1,768750,1
30:76:F5:06:28:C5,ANCHOR-REF,[WPA2],12:48,6,2437,-60,0,0,0,-1,WIFI,2,Espressif,-1,-1,0,-1,768988,1
AA:BB:CC:DD:EE:04,LibraryWiFi,[WPA2][WPA3],12:50,1,2412,-49,0,0,0,-1,WIFI,1,Apple Inc,-1,-1,0,-1,770960,1
AA:BB:CC:DD:EE:02,CoffeeShop,[WPA2],12:56,4,2427,-81,0,0,0,-1,WIFI,1,Unknown,-1,-1,0,-1,776252,1
AA:BB:CC:DD:EE:07,xfinitywifi,[WPA2][WPA3],13:01,13,2472,-57,0,0,0,-1,WIFI,2,Cisco Systems,-1,-1,0,-1,781948,1
AA:BB:CC:DD:EE:05,Office-Guest,[WEP],13:07,1,2412,-80,0,0,0,-1,WIFI,1,Netgear,-1,-1,0,-1,787511,1
AA:BB:CC:DD:EE:0A,,[ESS],13:13,11,2462,-65,0,0,0,-1,WIFI,2,Unknown,-1,-1,0,-1,793168,1
AA:BB:CC:DD:EE:0B,NETGEAR47,[WPA2],13:18,9,2452,-53,0,0,0,-1,WIFI,2,Netgear,-1,-1,0,-1,798829,1
AA:BB:CC:DD:EE:07,xfinitywifi,[WPA2][WPA3],13:24,13,2472,-52,0,0,0,-1,WIFI,2,Cisco Systems,-1,-1,0,-1,804680,1
30:76:F5:06:28:C5,ANCHOR-REF,[WPA2],13:26,6,2437,-51,0,0,0,-1,WIFI,1,Espressif,-1,-1,0,-1,806250,1
30:76:F5:06:28:C5,ANCHOR-REF,[WPA2],13:26,6,2437,-60,0,0,0,-1,WIFI,2,Espressif,-1,-1,0,-1,806390,1
AA:BB:CC:DD:EE:03,(hidden),[WPA3],13:30,9,2452,-47,0,0,0,-1,WIFI,1,Cisco Systems,-1,-1,0,-1,810253,1
AA:BB:CC:DD:EE:03,(hidden),[WPA3],13:35,9,2452,-45,0,0,0,-1,WIFI,1,Cisco Systems,-1,-1,0,-1,815954,1
AA:BB:CC:DD:EE:0B,NETGEAR47,[WPA2],13:41,9,2452,-54,0,0,0,-1,WIFI,1,Netgear,-1,-1,0,-1,821512,1
AA:BB:CC:DD:EE:03,(hidden),[WPA3],13:47,9,2452,-44,0,0,0,-1,WIFI,2,Cisco Systems,-1,-1,0,-1,827133,1
AA:BB:CC:DD:EE:0A,,[ESS],13:52,11,2462,-65,0,0,0,-1,WIFI,2,Unknown,-1,-1,0,-1,832758,1
AA:BB:CC:DD:EE:0E,Garage,[WPA3],13:58,3,2422,-53,0,0,0,-1,WIFI,2,Samsung Electronics,-1,-1,0,-1,838133,1
30:76:F5:06:28:C5,ANCHOR-REF,[WPA2],14:03,6,2437,-51,0,0,0,-1,WIFI,1,Espressif,-1,-1,0,-1,843750,1
30:76:F5:06:28:C5,ANCHOR-REF,[WPA2],14:04,6,2437,-61,0,0,0,-1,WIFI,2,Espressif,-1,-1,0,-1,844029,1
AA:BB:CC:DD:EE:0B,NETGEAR47,[WPA2],14:04,9,2452,-55,0,0,0,-1,WIFI,2,Netgear,-1,-1,0,-1,844114,1
AA:BB:CC:DD:EE:02,CoffeeShop,[WPA2],14:09,4,2427,-80,0,0,0,-1,WIFI,1,Unknown,-1,-1,0,-1,849492,1
AA:BB:CC:DD:EE:06,eduroam,[ESS],14:15,3,2422,-75,0,0,0,-1,WIFI,2,Cisco Systems,-1,-1,0,-1,855326,1
AA:BB:CC:DD:EE:09,Linksys,[WPA3],14:20,3,2422,-81,0,0,0,-1,WIFI,1,Raspberry Pi Trading Ltd,-1,-1,0,-1,860856,1
AA:BB:CC:DD:EE:09,Linksys,[WPA3],14:26,3,2422,-74,0,0,0,-1,WIFI,2,Raspberry Pi Trading Ltd,-1,-1,0,-1,866570,1
AA:BB:CC:DD:EE:01,HomeNetwork_2G,[WPA3],14:32,6,2437,-84,0,0,0,-1,WIFI,1,Espressif,-1,-1,0,-1,872010,1
AA:BB:CC:DD:EE:0F,Studio,[WPA3],14:37,6,2437,-65,0,0,0,-1,WIFI,2,Raspberry Pi Trading Ltd,-1,-1,0,-1,877883,1
30:76:F5:06:28:C5,ANCHOR-REF,[WPA2],14:41,6,2437,-51,0,0,0,-1,WIFI,1,Espressif,-1,-1,0,-1,881250,1
30:76:F5:06:28:C5,ANCHOR-REF,[WPA2],14:41,6,2437,-58,0,0,0,-1,WIFI,2,Espressif,-1,-1,0,-1,881537,1
AA:BB:CC:DD:EE:0B,NETGEAR47,[WPA2],14:43,9,2452,-54,0,0,0,-1,WIFI,2,Netgear,-1,-1,0,-1,883172,1
AA:BB:CC:DD:EE:08,ATT-WiFi,[WPA2],14:49,6,2437,-79,0,0,0,-1,WIFI,1,Cisco Systems,-1,-1,0,-1,889127,1
AA:BB:CC:DD:EE:04,LibraryWiFi,[WPA2][WPA3],14:54,1,2412,-58,0,0,0,-1,WIFI,2,Apple Inc,-1,-1,0,-1,894510,1
AA:BB:CC:DD:EE:0D,IoT-Hub,[ESS],15:00,6,2437,-53,0,0,0,-1,WIFI,1,Samsung Electronics,271,2.8,0,184,900000,1
AA:BB:CC:DD:EE:0C,PrintServer,[WPA2],15:00,9,2452,-78,0,0,0,-1,WIFI,2,Apple Inc,-1,-1,0,-1,900118,1
AA:BB:CC:DD:EE:09,Linksys,[WPA3],15:01,3,2422,-76,0,0,0,-1,WIFI,2,Raspberry Pi Trading Ltd,266,11.3,1,53,901500,1
AA:BB:CC:DD:EE:09,Linksys,[WPA3],15:03,3,2422,-76,0,0,0,-1,WIFI,1,Raspberry Pi Trading Ltd,322,15.7,1,190,903000,1
AA:BB:CC:DD:EE:07,xfinitywifi,[WPA2][WPA3],15:04,13,2472,-57,0,0,0,-1,WIFI,2,Cisco Systems,188,11.2,0,184,904500,1
AA:BB:CC:DD:EE:0E,Garage,[WPA3],15:05,3,2422,-58,0,0,0,-1,WIFI,1,Samsung Electronics,-1,-1,0,-1,905877,1
AA:BB:CC:DD:EE:0D,IoT-Hub,[ESS],15:06,6,2437,-51,0,0,0,-1,WIFI,1,Samsung Electronics,41,9.1,1,90,906000,1
AA:BB:CC:DD:EE:0C,PrintServer,[WPA2],15:07,9,2452,-80,0,0,0,-1,WIFI,2,Apple Inc,24,6.7,1,264,907500,1
AA:BB:CC:DD:EE:05,Office-Guest,[WEP],15:09,1,2412,-72,0,0,0,-1,WIFI,1,Netgear,327,17.5,0,299,909000,1
AA:BB:CC:DD:EE:0F,Studio,[WPA3],15:10,6,2437,-69,0,0,0,-1,WIFI,2,Raspberry Pi Trading Ltd,160,13.7,1,17,910500,1
AA:BB:CC:DD:EE:05,Office-Guest,[WEP],15:11,1,2412,-74,0,0,0,-1,WIFI,2,Netgear,-1,-1,0,-1,911600,1
AA:BB:CC:DD:EE:03,(hidden),[WPA3],15:12,9,2452,-49,0,0,0,-1,WIFI,1,Cisco Systems,148,11.9,1,221,912000,1
AA:BB:CC:DD:EE:09,Linksys,[WPA3],15:13,3,2422,-73,0,0,0,-1,WIFI,2,Raspberry Pi Trading Ltd,186,16.3,0,67,913500,1
AA:BB:CC:DD:EE:04,LibraryWiFi,[WPA2][WPA3],15:15,1,2412,-60,0,0,0,-1,WIFI,1,Apple Inc,313,12.4,1,11,915000,1
AA:BB:CC:DD:EE:01,HomeNetwork_2G,[WPA3],15:16,6,2437,-76,0,0,0,-1,WIFI,2,Espressif,290,7.7,1,54,916500,1
AA:BB:CC:DD:EE:0B,NETGEAR47,[WPA2],15:17,9,2452,-56,0,0,0,-1,WIFI,1,Netgear,-1,-1,0,-1,917198,1
AA:BB:CC:DD:EE:06,eduroam,[ESS],15:18,3,2422,-76,0,0,0,-1,WIFI,1,Cisco Systems,273,5.6,0,298,918000,1
30:76:F5:06:28:C5,ANCHOR-REF,[WPA2],15:18,6,2437,-51,0,0,0,-1,WIFI,1,Espressif,-1,-1,0,-1,918749,1
30:76:F5:06:28:C5,ANCHOR-REF,[WPA2],15:18,6,2437,-60,0,0,0,-1,WIFI,2,Espressif,-1,-1,0,-1,918856,1
AA:BB:CC:DD:EE:0A,,[ESS],15:19,11,2462,-69,0,0,0,-1,WIFI,2,Unknown,68,5.3,1,319,919500,1
AA:BB:CC:DD:EE:03,(hidden),[WPA3],15:21,9,2452,-53,0,0,0,-1,WIFI,1,Cisco Systems,68,2.2,1,124,921000,1
AA:BB:CC:DD:EE:08,ATT-WiFi,[WPA2],15:22,6,2437,-69,0,0,0,-1,WIFI,2,Cisco Systems,49,3.0,0,74,922500,1
AA:BB:CC:DD:EE:06,eduroam,[ESS],15:22,3,2422,-70,0,0,0,-1,WIFI,1,Cisco Systems,-1,-1,0,-1,922574,1
AA:BB:CC:DD:EE:0D,IoT-Hub,[ESS],15:24,6,2437,-60,0,0,0,-1,WIFI,1,Samsung Electronics,138,8.4,1,135,924000,1
AA:BB:CC:DD:EE:01,HomeNetwork_2G,[WPA3],15:25,6,2437,-75,0,0,0,-1,WIFI,2,Espressif,330,15.1,1,179,925500,1
AA:BB:CC:DD:EE:0B,NETGEAR47,[WPA2],15:27,9,2452,-57,0,0,0,-1,WIFI,1,Netgear,296,9.1,0,265,927000,1
AA:BB:CC:DD:EE:05,Office-Guest,[WEP],15:28,1,2412,-81,0,0,0,-1,WIFI,2,Netgear,-1,-1,0,-1,928479,1
AA:BB:CC:DD:EE:04,LibraryWiFi,[WPA2][WPA3],15:28,1,2412,-60,0,0,0,-1,WIFI,2,Apple Inc,84,16.5,1,22,928500,1
AA:BB:CC:DD:EE:09,Linksys,[WPA3],15:30,3,2422,-78,0,0,0,-1,WIFI,1,Raspberry Pi Trading Ltd,12,8.5,1,121,930000,1
AA:BB:CC:DD:EE:01,HomeNetwork_2G,[WPA3],15:31,6,2437,-74,0,0,0,-1,WIFI,2,Espressif,53,2.2,0,282,931500,1
AA:BB:CC:DD:EE:04,LibraryWiFi,[WPA2][WPA3],15:33,1,2412,-51,0,0,0,-1,WIFI,1,Apple Inc,72,8.6,1,265,933000,1
AA:BB:CC:DD:EE:08,ATT-WiFi,[WPA2],15:33,6,2437,-76,0,0,0,-1,WIFI,1,Cisco Systems,-1,-1,0,-1,933756,1
AA:BB:CC:DD:EE:0B,NETGEAR47,[WPA2],15:34,9,2452,-55,0,0,0,-1,WIFI,2,Netgear,259,12.4,1,212,934500,1
AA:BB:CC:DD:EE:03,(hidden),[WPA3],15:36,9,2452,-45,0,0,0,-1,WIFI,1,Cisco Systems,260,7.0,0,153,936000,1
AA:BB:CC:DD:EE:01,HomeNetwork_2G,[WPA3],15:37,6,2437,-78,0,0,0,-1,WIFI,2,Espressif,244,13.4,1,3,937500,1
AA:BB:CC:DD:EE:0E,Garage,[WPA3],15:39,3,2422,-63,0,0,0,-1,WIFI,1,Samsung Electronics,223,13.9,1,238,939000,1
AA:BB:CC:DD:EE:02,CoffeeShop,[WPA2],15:39,4,2427,-72,0,0,0,-1,WIFI,2,Unknown,-1,-1,0,-1,939719,1
AA:BB:CC:DD:EE:0C,PrintServer,[WPA2],15:40,9,2452,-83,0,0,0,-1,WIFI,2,Apple Inc,335,9.2,0,115,940500,1
AA:BB:CC:DD:EE:05,Office-Guest,[WEP],15:42,1,2412,-77,0,0,0,-1,WIFI,1,Netgear,118,12.3,1,63,942000,1
AA:BB:CC:DD:EE:0F,Studio,[WPA3],15:43,6,2437,-72,0,0,0,-1,WIFI,2,Raspberry Pi Trading Ltd,355,17.1,1,134,943500,1
AA:BB:CC:DD:EE:05,Office-Guest,[WEP],15:45,1,2412,-79,0,0,0,-1,WIFI,2,Netgear,-1,-1,0,-1,945250,1
AA:BB:CC:DD:EE:08,ATT-WiFi,[WPA2],15:50,6,2437,-79,0,0,0,-1,WIFI,1,Cisco Systems,-1,-1,0,-1,950861,1
30:76:F5:06:28:C5,ANCHOR-REF,[WPA2],15:56,6,2437,-54,0,0,0,-1,WIFI,1,Espressif,-1,-1,0,-1,956250,1
30:76:F5:06:28:C5,ANCHOR-REF,[WPA2],15:56,6,2437,-61,0,0,0,-1,WIFI,2,Espressif,-1,-1,0,-1,956421,1
AA:BB:CC:DD:EE:04,LibraryWiFi,[WPA2][WPA3],15:56,1,2412,-60,0,0,0,-1,WIFI,1,Apple Inc,-1,-1,0,-1,956531,1
AA:BB:CC:DD:EE:01,HomeNetwork_2G,[WPA3],16:02,6,2437,-84,0,0,0,-1,WIFI,1,Espressif,-1,-1,0,-1,962117,1
AA:BB:CC:DD:EE:08,ATT-WiFi,[WPA2],16:07,6,2437,-74,0,0,0,-1,WIFI,2,Cisco Systems,-1,-1,0,-1,967759,1
AA:BB:CC:DD:EE:0F,Studio,[WPA3],16:13,6,2437,-70,0,0,0,-1,WIFI,2,Raspberry Pi Trading Ltd,-1,-1,0,-1,973232,1
AA:BB:CC:DD:EE:0A,,[ESS],16:18,11,2462,-66,0,0,0,-1,WIFI,1,Unknown,-1,-1,0,-1,978787,1
AA:BB:CC:DD:EE:05,Office-Guest,[WEP],16:24,1,2412,-81,0,0,0,-1,WIFI,2,Netgear,-1,-1,0,-1,984643,1
AA:BB:CC:DD:EE:0E,Garage,[WPA3],16:30,3,2422,-61,0,0,0,-1,WIFI,2,Samsung Electronics,-1,-1,0,-1,990308,1
30:76:F5:06:28:C5,ANCHOR-REF,[WPA2],16:33,6,2437,-51,0,0,0,-1,WIFI,1,Espressif,-1,-1,0,-1,993750,1
30:76:F5:06:28:C5,ANCHOR-REF,[WPA2],16:33,6,2437,-59,0,0,0,-1,WIFI,2,Espressif,-1,-1,0,-1,993853,1
AA:BB:CC:DD:EE:0C,PrintServer,[WPA2],16:35,9,2452,-78,0,0,0,-1,WIFI,1,Apple Inc,-1,-1,0,-1,995682,1
AA:BB:CC:DD:EE:07,xfinitywifi,[WPA2][WPA3],16:41,13,2472,-63,0,0,0,-1,WIFI,1,Cisco Systems,-1,-1,0,-1,1001498,1
AA:BB:CC:DD:EE:0B,NETGEAR47,[WPA2],16:47,9,2452,-61,0,0,0,-1,WIFI,1,Netgear,-1,-1,0,-1,1007125,1
AA:BB:CC:DD:EE:03,(hidden),[WPA3],16:52,9,2452,-50,0,0,0,-1,WIFI,1,Cisco Systems,-1,-1,0,-1,1012872,1
AA:BB:CC:DD:EE:02,CoffeeShop,[WPA2],16:58,4,2427,-82,0,0,0,-1,WIFI,2,Unknown,-1,-1,0,-1,1018286,1
AA:BB:CC:DD:EE:0D,IoT-Hub,[ESS],17:03,6,2437,-55,0,0,0,-1,WIFI,1,Samsung Electronics,-1,-1,0,-1,1023916,1
AA:BB:CC:DD:EE:0F,Studio,[WPA3],17:09,6,2437,-73,0,0,0,-1,WIFI,1,Raspberry Pi Trading Ltd,-1,-1,0,-1,1029436,1
30:76:F5:06:28:C5,ANCHOR-REF,[WPA2],17:11,6,2437,-51,0,0,0,-1,WIFI,1,Espressif,-1,-1,0,-1,1031249,1
30:76:F5:06:28:C5,ANCHOR-REF,[WPA2],17:11,6,2437,-61,0,0,0,-1,WIFI,2,Espressif,-1,-1,0,-1,1031459,1
AA:BB:CC:DD:EE:05,Office-Guest,[WEP],17:15,1,2412,-82,0,0,0,-1,WIFI,1,Netgear,-1,-1,0,-1,1035377,1
AA:BB:CC:DD:EE:07,xfinitywifi,[WPA2][WPA3],17:20,13,2472,-54,0,0,0,-1,WIFI,2,Cisco Systems,-1,-1,0,-1,1040826,1
AA:BB:CC:DD:EE:06,eduroam,[ESS],17:26,3,2422,-69,0,0,0,-1,WIFI,2,Cisco Systems,-1,-1,0,-1,1046289,1
AA:BB:CC:DD:EE:0E,Garage,[WPA3],17:32,3,2422,-64,0,0,0,-1,WIFI,1,Samsung Electronics,-1,-1,0,-1,1052015,1
AA:BB:CC:DD:EE:0E,Garage,[WPA3],17:37,3,2422,-55,0,0,0,-1,WIFI,2,Samsung Electronics,-1,-1,0,-1,1057526,1
AA:BB:CC:DD:EE:04,LibraryWiFi,[WPA2][WPA3],17:43,1,2412,-55,0,0,0,-1,WIFI,2,Apple Inc,-1,-1,0,-1,1063201,1
30:76:F5:06:28:C5,ANCHOR-REF,[WPA2],17:48,6,2437,-54,0,0,0,-1,WIFI,1,Espressif,-1,-1,0,-1,1068750,1
30:76:F5:06:28:C5,ANCHOR-REF,[WPA2],17:48,6,2437,-60,0,0,0,-1,WIFI,2,Espressif,-1,-1,0,-1,1068992,1
AA:BB:CC:DD:EE:06,eduroam,[ESS],17:49,3,2422,-76,0,0,0,-1,WIFI,1,Cisco Systems,-1,-1,0,-1,1069011,1
AA:BB:CC:DD:EE:0F,Studio,[WPA3],17:54,6,2437,-61,0,0,0,-1,WIFI,1,Raspberry Pi Trading Ltd,-1,-1,0,-1,1074594,1
AA:BB:CC:DD:EE:07,xfinitywifi,[WPA2][WPA3],18:00,13,2472,-55,0,0,0,-1,WIFI,2,Cisco Systems,-1,-1,0,-1,1080323,1
AA:BB:CC:DD:EE:04,LibraryWiFi,[WPA2][WPA3],18:05,1,2412,-61,0,0,0,-1,WIFI,2,Apple Inc,-1,-1,0,-1,1085906,1
AA:BB:CC:DD:EE:07,xfinitywifi,[WPA2][WPA3],18:11,13,2472,-51,0,0,0,-1,WIFI,1,Cisco Systems,-1,-1,0,-1,1091624,1
AA:BB:CC:DD:EE:0B,NETGEAR47,[WPA2],18:16,9,2452,-58,0,0,0,-1,WIFI,2,Netgear,-1,-1,0,-1,1096945,1
AA:BB:CC:DD:EE:0F,Studio,[WPA3],18:22,6,2437,-71,0,0,0,-1,WIFI,2,Raspberry Pi Trading Ltd,-1,-1,0,-1,1102525,1
30:76:F5:06:28:C5,ANCHOR-REF,[WPA2],18:26,6,2437,-53,0,0,0,-1,WIFI,1,Espressif,-1,-1,0,-1,1106250,1
30:76:F5:06:28:C5,ANCHOR-REF,[WPA2],18:26,6,2437,-59,0,0,0,-1,WIFI,2,Espressif,-1,-1,0,-1,1106517,1
AA:BB:CC:DD:EE:08,ATT-WiFi,[WPA2],18:28,6,2437,-76,0,0,0,-1,WIFI,1,Cisco Systems,-1,-1,0,-1,1108212,1
AA:BB:CC:DD:EE:05,Office-Guest,[WEP],18:33,1,2412,-73,0,0,0,-1,WIFI,2,Netgear,-1,-1,0,-1,1113902,1
AA:BB:CC:DD:EE:07,xfinitywifi,[WPA2][WPA3],18:39,13,2472,-59,0,0,0,-1,WIFI,2,Cisco Systems,-1,-1,0,-1,1119508,1
AA:BB:CC:DD:EE:09,Linksys,[WPA3],18:45,3,2422,-80,0,0,0,-1,WIFI,2,Raspberry Pi Trading Ltd,-1,-1,0,-1,1125247,1
AA:BB:CC:DD:EE:0B,NETGEAR47,[WPA2],18:50,9,2452,-62,0,0,0,-1,WIFI,1,Netgear,-1,-1,0,-1,1130710,1
AA:BB:CC:DD:EE:0F,Studio,[WPA3],18:56,6,2437,-65,0,0,0,-1,WIFI,2,Raspberry Pi Trading Ltd,-1,-1,0,-1,1136506,1
AA:BB:CC:DD:EE:08,ATT-WiFi,[WPA2],19:01,6,2437,-68,0,0,0,-1,WIFI,2,Cisco Systems,-1,-1,0,-1,1141987,1
30:76:F5:06:28:C5,ANCHOR-REF,[WPA2],19:03,6,2437,-52,0,0,0,-1,WIFI,1,Espressif,-1,-1,0,-1,1143750,1
30:76:F5:06:28:C5,ANCHOR-REF,[WPA2],19:03,6,2437,-62,0,0,0,-1,WIFI,2,Espressif,-1,-1,0,-1,1143850,1
AA:BB:CC:DD:EE:07,xfinitywifi,[WPA2][WPA3],19:07,13,2472,-60,0,0,0,-1,WIFI,1,Cisco Systems,-1,-1,0,-1,1147730,1
AA:BB:CC:DD:EE:02,CoffeeShop,[WPA2],19:13,4,2427,-74,0,0,0,-1,WIFI,1,Unknown,-1,-1,0,-1,1153249,1
AA:BB:CC:DD:EE:06,eduroam,[ESS],19:18,3,2422,-77,0,0,0,-1,WIFI,1,Cisco Systems,-1,-1,0,-1,1158796,1
AA:BB:CC:DD:EE:04,LibraryWiFi,[WPA2][WPA3],19:24,1,2412,-50,0,0,0,-1,WIFI,2,Apple Inc,-1,-1,0,-1,1164666,1
AA:BB:CC:DD:EE:07,xfinitywifi,[WPA2][WPA3],19:30,13,2472,-55,0,0,0,-1,WIFI,1,Cisco Systems,-1,-1,0,-1,1170211,1
AA:BB:CC:DD:EE:07,xfinitywifi,[WPA2][WPA3],19:35,13,2472,-51,0,0,0,-1,WIFI,1,Cisco Systems,-1,-1,0,-1,1175732,1
30:76:F5:06:28:C5,ANCHOR-REF,[WPA2],19:41,6,2437,-54,0,0,0,-1,WIFI,1,Espressif,-1,-1,0,-1,1181250,1
AA:BB:CC:DD:EE:08,ATT-WiFi,[WPA2],19:41,6,2437,-75,0,0,0,-1,WIFI,1,Cisco Systems,-1,-1,0,-1,1181281,1
30:76:F5:06:28:C5,ANCHOR-REF,[WPA2],19:41,6,2437,-64,0,0,0,-1,WIFI,2,Espressif,-1,-1,0,-1,1181426,1
AA:BB:CC:DD:EE:0B,NETGEAR47,[WPA2],19:46,9,2452,-55,0,0,0,-1,WIFI,2,Netgear,-1,-1,0,-1,1186939,1
AA:BB:CC:DD:EE:02,CoffeeShop,[WPA2],19:52,4,2427,-79,0,0,0,-1,WIFI,1,Unknown,-1,-1,0,-1,1192610,1
AA:BB:CC:DD:EE:07,xfinitywifi,[WPA2][WPA3],19:58,13,2472,-57,0,0,0,-1,WIFI,2,Cisco Systems,-1,-1,0,-1,1198321,1
AA:BB:CC:DD:EE:0E,Garage,[WPA3],20:03,3,2422,-65,0,0,0,-1,WIFI,2,Samsung Electronics,-1,-1,0,-1,1203909,1
AA:BB:CC:DD:EE:01,HomeNetwork_2G,[WPA3],20:09,6,2437,-73,0,0,0,-1,WIFI,1,Espressif,-1,-1,0,-1,1209440,1
AA:BB:CC:DD:EE:0A,,[ESS],20:15,11,2462,-76,0,0,0,-1,WIFI,1,Unknown,-1,-1,0,-1,1215242,1
30:76:F5:06:28:C5,ANCHOR-REF,[WPA2],20:18,6,2437,-53,0,0,0,-1,WIFI,1,Espressif,-1,-1,0,-1,1218750,1
30:76:F5:06:28:C5,ANCHOR-REF,[WPA2],20:19,6,2437,-59,0,0,0,-1,WIFI,2,Espressif,-1,-1,0,-1,1219049,1
AA:BB:CC:DD:EE:0F,Studio,[WPA3],20:20,6,2437,-65,0,0,0,-1,WIFI,2,Raspberry Pi Trading Ltd,-1,-1,0,-1,1220825,1
AA:BB:CC:DD:EE:08,ATT-WiFi,[WPA2],20:26,6,2437,-79,0,0,0,-1,WIFI,1,Cisco Systems,-1,-1,0,-1,1226489,1
AA:BB:CC:DD:EE:03,(hidden),[WPA3],20:31,9,2452,-46,0,0,0,-1,WIFI,1,Cisco Systems,-1,-1,0,-1,1231989,1
AA:BB:CC:DD:EE:0E,Garage,[WPA3],20:37,3,2422,-55,0,0,0,-1,WIFI,2,Samsung Electronics,-1,-1,0,-1,1237555,1
AA:BB:CC:DD:EE:0F,Studio,[WPA3],20:43,6,2437,-65,0,0,0,-1,WIFI,1,Raspberry Pi Trading Ltd,-1,-1,0,-1,1243516,1
AA:BB:CC:DD:EE:01,HomeNetwork_2G,[WPA3],20:49,6,2437,-83,0,0,0,-1,WIFI,1,Espressif,-1,-1,0,-1,1249147,1
AA:BB:CC:DD:EE:0A,,[ESS],20:54,11,2462,-67,0,0,0,-1,WIFI,2,Unknown,-1,-1,0,-1,1254494,1
30:76:F5:06:28:C5,ANCHOR-REF,[WPA2],20:56,6,2437,-54,0,0,0,-1,WIFI,1,Espressif,-1,-1,0,-1,1256250,1
30:76:F5:06:28:C5,ANCHOR-REF,[WPA2],20:56,6,2437,-64,0,0,0,-1,WIFI,2,Espressif,-1,-1,0,-1,1256517,1
AA:BB:CC:DD:EE:05,Office-Guest,[WEP],21:00,1,2412,-73,0,0,0,-1,WIFI,2,Netgear,-1,-1,0,-1,1260366,1
AA:BB:CC:DD:EE:09,Linksys,[WPA3],21:05,3,2422,-70,0,0,0,-1,WIFI,2,Raspberry Pi Trading Ltd,-1,-1,0,-1,1265753,1
AA:BB:CC:DD:EE:02,CoffeeShop,[WPA2],21:11,4,2427,-78,0,0,0,-1,WIFI,1,Unknown,-1,-1,0,-1,1271641,1
AA:BB:CC:DD:EE:0A,,[ESS],21:17,11,2462,-73,0,0,0,-1,WIFI,1,Unknown,-1,-1,0,-1,1277143,1
AA:BB:CC:DD:EE:0D,IoT-Hub,[ESS],21:22,6,2437,-61,0,0,0,-1,WIFI,2,Samsung Electronics,-1,-1,0,-1,1282614,1
AA:BB:CC:DD:EE:05,Office-Guest,[WEP],21:28,1,2412,-79,0,0,0,-1,WIFI,2,Netgear,-1,-1,0,-1,1288400,1
30:76:F5:06:28:C5,ANCHOR-REF,[WPA2],21:33,6,2437,-54,0,0,0,-1,WIFI,1,Espressif,-1,-1,0,-1,1293750,1
30:76:F5:06:28:C5,ANCHOR-REF,[WPA2],21:33,6,2437,-61,0,0,0,-1,WIFI,2,Espressif,-1,-1,0,-1,1293863,1
AA:BB:CC:DD:EE:0B,NETGEAR47,[WPA2],21:33,9,2452,-62,0,0,0,-1,WIFI,2,Netgear,-1,-1,0,-1,1293911,1
AA:BB:CC:DD:EE:09,Linksys,[WPA3],21:39,3,2422,-78,0,0,0,-1,WIFI,1,Raspberry Pi Trading Ltd,-1,-1,0,-1,1299618,1
AA:BB:CC:DD:EE:07,xfinitywifi,[WPA2][WPA3],21:45,13,2472,-59,0,0,0,-1,WIFI,2,Cisco Systems,-1,-1,0,-1,1305014,1
AA:BB:CC:DD:EE:01,HomeNetwork_2G,[WPA3],21:50,6,2437,-75,0,0,0,-1,WIFI,1,Espressif,-1,-1,0,-1,1310653,1
AA:BB:CC:DD:EE:07,xfinitywifi,[WPA2][WPA3],21:56,13,2472,-60,0,0,0,-1,WIFI,1,Cisco Systems,-1,-1,0,-1,1316581,1
AA:BB:CC:DD:EE:07,xfinitywifi,[WPA2][WPA3],22:02,13,2472,-60,0,0,0,-1,WIFI,2,Cisco Systems,-1,-1,0,-1,1322216,1
AA:BB:CC:DD:EE:01,HomeNetwork_2G,[WPA3],22:07,6,2437,-74,0,0,0,-1,WIFI,2,Espressif,-1,-1,0,-1,1327752,1
30:76:F5:06:28:C5,ANCHOR-REF,[WPA2],22:11,6,2437,-51,0,0,0,-1,WIFI,1,Espressif,-1,-1,0,-1,1331250,1
30:76:F5:06:28:C5,ANCHOR-REF,[WPA2],22:11,6,2437,-59,0,0,0,-1,WIFI,2,Espressif,-1,-1,0,-1,1331537,1
AA:BB:CC:DD:EE:06,eduroam,[ESS],22:13,3,2422,-78,0,0,0,-1,WIFI,2,Cisco Systems,-1,-1,0,-1,1333340,1
AA:BB:CC:DD:EE:0D,IoT-Hub,[ESS],22:18,6,2437,-53,0,0,0,-1,WIFI,1,Samsung Electronics,-1,-1,0,-1,1338753,1
AA:BB:CC:DD:EE:04,LibraryWiFi,[WPA2][WPA3],22:24,1,2412,-58,0,0,0,-1,WIFI,1,Apple Inc,-1,-1,0,-1,1344409,1
AA:BB:CC:DD:EE:0D,IoT-Hub,[ESS],22:30,6,2437,-58,0,0,0,-1,WIFI,2,Samsung Electronics,-1,-1,0,-1,1350159,1
AA:BB:CC:DD:EE:04,LibraryWiFi,[WPA2][WPA3],22:35,1,2412,-57,0,0,0,-1,WIFI,1,Apple Inc,-1,-1,0,-1,1355863,1
AA:BB:CC:DD:EE:0A,,[ESS],22:41,11,2462,-75,0,0,0,-1,WIFI,1,Unknown,-1,-1,0,-1,1361305,1
AA:BB:CC:DD:EE:08,ATT-WiFi,[WPA2],22:46,6,2437,-70,0,0,0,-1,WIFI,1,Cisco Systems,-1,-1,0,-1,1366989,1
30:76:F5:06:28:C5,ANCHOR-REF,[WPA2],22:48,6,2437,-53,0,0,0,-1,WIFI,1,Espressif,-1,-1,0,-1,1368750,1
30:76:F5:06:28:C5,ANCHOR-REF,[WPA2],22:48,6,2437,-60,0,0,0,-1,WIFI,2,Espressif,-1,-1,0,-1,1368846,1
AA:BB:CC:DD:EE:0A,,[ESS],22:52,11,2462,-71,0,0,0,-1,WIFI,1,Unknown,-1,-1,0,-1,1372528,1
AA:BB:CC:DD:EE:04,LibraryWiFi,[WPA2][WPA3],22:58,1,2412,-52,0,0,0,-1,WIFI,1,Apple Inc,-1,-1,0,-1,1378152,1
AA:BB:CC:DD:EE:07,xfinitywifi,[WPA2][WPA3],23:03,13,2472,-63,0,0,0,-1,WIFI,1,Cisco Systems,-1,-1,0,-1,1383822,1
AA:BB:CC:DD:EE:07,xfinitywifi,[WPA2][WPA3],23:09,13,2472,-52,0,0,0,-1,WIFI,1,Cisco Systems,-1,-1,0,-1,1389469,1
AA:BB:CC:DD:EE:0C,PrintServer,[WPA2],23:15,9,2452,-84,0,0,0,-1,WIFI,1,Apple Inc,-1,-1,0,-1,1395160,1
AA:BB:CC:DD:EE:06,eduroam,[ESS],23:20,3,2422,-71,0,0,0,-1,WIFI,1,Cisco Systems,-1,-1,0,-1,1400709,1
30:76:F5:06:28:C5,ANCHOR-REF,[WPA2],23:26,6,2437,-52,0,0,0,-1,WIFI,1,Espressif,-1,-1,0,-1,1406250,1
AA:BB:CC:DD:EE:0C,PrintServer,[WPA2],23:26,9,2452,-81,0,0,0,-1,WIFI,1,Apple Inc,-1,-1,0,-1,1406518,1
30:76:F5:06:28:C5,ANCHOR-REF,[WPA2],23:26,6,2437,-62,0,0,0,-1,WIFI,2,Espressif,-1,-1,0,-1,1406523,1
AA:BB:CC:DD:EE:0C,PrintServer,[WPA2],23:32,9,2452,-80,0,0,0,-1,WIFI,1,Apple Inc,-1,-1,0,-1,1412215,1
AA:BB:CC:DD:EE:08,ATT-WiFi,[WPA2],23:37,6,2437,-80,0,0,0,-1,WIFI,1,Cisco Systems,-1,-1,0,-1,1417669,1
AA:BB:CC:DD:EE:05,Office-Guest,[WEP],23:43,1,2412,-77,0,0,0,-1,WIFI,1,Netgear,-1,-1,0,-1,1423165,1
AA:BB:CC:DD:EE:09,Linksys,[WPA3],23:48,3,2422,-78,0,0,0,-1,WIFI,2,Raspberry Pi Trading Ltd,-1,-1,0,-1,1428813,1
AA:BB:CC:DD:EE:06,eduroam,[ESS],23:54,3,2422,-77,0,0,0,-1,WIFI,2,Cisco Systems,-1,-1,0,-1,1434569,1
AA:BB:CC:DD:EE:02,CoffeeShop,[WPA2],24:00,4,2427,-75,0,0,0,-1,WIFI,1,Unknown,-1,-1,0,-1,1440221,1
30:76:F5:06:28:C5,ANCHOR-REF,[WPA2],24:03,6,2437,-52,0,0,0,-1,WIFI,1,Espressif,-1,-1,0,-1,1443750,1
30:76:F5:06:28:C5,ANCHOR-REF,[WPA2],24:03,6,2437,-59,0,0,0,-1,WIFI,2,Espressif,-1,-1,0,-1,1443912,1
AA:BB:CC:DD:EE:06,eduroam,[ESS],24:05,3,2422,-74,0,0,0,-1,WIFI,2,Cisco Systems,-1,-1,0,-1,1445725,1
AA:BB:CC:DD:EE:06,eduroam,[ESS],24:11,3,2422,-74,0,0,0,-1,WIFI,1,Cisco Systems,-1,-1,0,-1,1451348,1
AA:BB:CC:DD:EE:0B,NETGEAR47,[WPA2],24:16,9,2452,-53,0,0,0,-1,WIFI,1,Netgear,-1,-1,0,-1,1456890,1
AA:BB:CC:DD:EE:0D,IoT-Hub,[ESS],24:22,6,2437,-55,0,0,0,-1,WIFI,1,Samsung Electronics,-1,-1,0,-1,1462820,1
AA:BB:CC:DD:EE:08,ATT-WiFi,[WPA2],24:28,6,2437,-80,0,0,0,-1,WIFI,1,Cisco Systems,-1,-1,0,-1,1468142,1
AA:BB:CC:DD:EE:04,LibraryWiFi,[WPA2][WPA3],24:33,1,2412,-52,0,0,0,-1,WIFI,2,Apple Inc,-1,-1,0,-1,1473881,1
AA:BB:CC:DD:EE:06,eduroam,[ESS],24:39,3,2422,-72,0,0,0,-1,WIFI,1,Cisco Systems,-1,-1,0,-1,1479548,1
30:76:F5:06:28:C5,ANCHOR-REF,[WPA2],24:41,6,2437,-50,0,0,0,-1,WIFI,1,Espressif,-1,-1,0,-1,1481250,1
30:76:F5:06:28:C5,ANCHOR-REF,[WPA2],24:41,6,2437,-58,0,0,0,-1,WIFI,2,Espressif,-1,-1,0,-1,1481538,1
AA:BB:CC:DD:EE:05,Office-Guest,[WEP],24:45,1,2412,-72,0,0,0,-1,WIFI,2,Netgear,-1,-1,0,-1,1485022,1
AA:BB:CC:DD:EE:0F,Studio,[WPA3],24:50,6,2437,-73,0,0,0,-1,WIFI,1,Raspberry Pi Trading Ltd,-1,-1,0,-1,1490787,1
AA:BB:CC:DD:EE:0D,IoT-Hub,[ESS],24:56,6,2437,-49,0,0,0,-1,WIFI,2,Samsung Electronics,-1,-1,0,-1,1496619,1
AA:BB:CC:DD:EE:02,CoffeeShop,[WPA2],25:02,4,2427,-79,0,0,0,-1,WIFI,1,Unknown,-1,-1,0,-1,1502199,1
AA:BB:CC:DD:EE:08,ATT-WiFi,[WPA2],25:07,6,2437,-73,0,0,0,-1,WIFI,2,Cisco Systems,-1,-1,0,-1,1507554,1
AA:BB:CC:DD:EE:07,xfinitywifi,[WPA2][WPA3],25:13,13,2472,-57,0,0,0,-1,WIFI,2,Cisco Systems,-1,-1,0,-1,1513522,1
30:76:F5:06:28:C5,ANCHOR-REF,[WPA2],25:18,6,2437,-51,0,0,0,-1,WIFI,1,Espressif,-1,-1,0,-1,1518750,1
30:76:F5:06:28:C5,ANCHOR-REF,[WPA2],25:18,6,2437,-58,0,0,0,-1,WIFI,2,Espressif,-1,-1,0,-1,1518895,1
AA:BB:CC:DD:EE:03,(hidden),[WPA3],25:19,9,2452,-54,0,0,0,-1,WIFI,2,Cisco Systems,-1,-1,0,-1,1519002,1
AA:BB:CC:DD:EE:0D,IoT-Hub,[ESS],25:24,6,2437,-57,0,0,0,-1,WIFI,2,Samsung Electronics,-1,-1,0,-1,1524379,1
AA:BB:CC:DD:EE:0D,IoT-Hub,[ESS],25:30,6,2437,-58,0,0,0,-1,WIFI,1,Samsung Electronics,-1,-1,0,-1,1530354,1
AA:BB:CC:DD:EE:0E,Garage,[WPA3],25:35,3,2422,-60,0,0,0,-1,WIFI,1,Samsung Electronics,-1,-1,0,-1,1535792,1
AA:BB:CC:DD:EE:0A,,[ESS],25:41,11,2462,-74,0,0,0,-1,WIFI,1,Unknown,-1,-1,0,-1,1541650,1
AA:BB:CC:DD:EE:0D,IoT-Hub,[ESS],25:47,6,2437,-55,0,0,0,-1,WIFI,1,Samsung Electronics,-1,-1,0,-1,1547075,1
AA:BB:CC:DD:EE:0B,NETGEAR47,[WPA2],25:52,9,2452,-57,0,0,0,-1,WIFI,1,Netgear,-1,-1,0,-1,1552533,1
30:76:F5:06:28:C5,ANCHOR-REF,[WPA2],25:56,6,2437,-50,0,0,0,-1,WIFI,1,Espressif,-1,-1,0,-1,1556250,1
30:76:F5:06:28:C5,ANCHOR-REF,[WPA2],25:56,6,2437,-59,0,0,0,-1,WIFI,2,Espressif,-1,-1,0,-1,1556383,1
AA:BB:CC:DD:EE:06,eduroam,[ESS],25:58,3,2422,-75,0,0,0,-1,WIFI,1,Cisco Systems,-1,-1,0,-1,1558403,1
AA:BB:CC:DD:EE:02,CoffeeShop,[WPA2],26:03,4,2427,-81,0,0,0,-1,WIFI,1,Unknown,-1,-1,0,-1,1563803,1
AA:BB:CC:DD:EE:02,CoffeeShop,[WPA2],26:09,4,2427,-71,0,0,0,-1,WIFI,1,Unknown,-1,-1,0,-1,1569481,1
AA:BB:CC:DD:EE:03,(hidden),[WPA3],26:15,9,2452,-50,0,0,0,-1,WIFI,1,Cisco Systems,-1,-1,0,-1,1575228,1
AA:BB:CC:DD:EE:0A,,[ESS],26:20,11,2462,-74,0,0,0,-1,WIFI,2,Unknown,-1,-1,0,-1,1580860,1
AA:BB:CC:DD:EE:09,Linksys,[WPA3],26:26,3,2422,-71,0,0,0,-1,WIFI,2,Raspberry Pi Trading Ltd,-1,-1,0,-1,1586632,1
AA:BB:CC:DD:EE:02,CoffeeShop,[WPA2],26:32,4,2427,-78,0,0,0,-1,WIFI,2,Unknown,-1,-1,0,-1,1592263,1
30:76:F5:06:28:C5,ANCHOR-REF,[WPA2],26:33,6,2437,-50,0,0,0,-1,WIFI,1,Espressif,-1,-1,0,-1,1593750,1
30:76:F5:06:28:C5,ANCHOR-REF,[WPA2],26:33,6,2437,-58,0,0,0,-1,WIFI,2,Espressif,-1,-1,0,-1,1593987,1
AA:BB:CC:DD:EE:05,Office-Guest,[WEP],26:37,1,2412,-78,0,0,0,-1,WIFI,2,Netgear,-1,-1,0,-1,1597650,1
AA:BB:CC:DD:EE:0C,PrintServer,[WPA2],26:43,9,2452,-78,0,0,0,-1,WIFI,1,Apple Inc,-1,-1,0,-1,1603255,1
AA:BB:CC:DD:EE:03,(hidden),[WPA3],26:48,9,2452,-54,0,0,0,-1,WIFI,1,Cisco Systems,-1,-1,0,-1,1608876,1
AA:BB:CC:DD:EE:0F,Studio,[WPA3],26:54,6,2437,-70,0,0,0,-1,WIFI,2,Raspberry Pi Trading Ltd,-1,-1,0,-1,1614519,1
AA:BB:CC:DD:EE:02,CoffeeShop,[WPA2],27:00,4,2427,-79,0,0,0,-1,WIFI,1,Unknown,-1,-1,0,-1,1620167,1
AA:BB:CC:DD:EE:09,Linksys,[WPA3],27:05,3,2422,-69,0,0,0,-1,WIFI,1,Raspberry Pi Trading Ltd,-1,-1,0,-1,1625884,1
30:76:F5:06:28:C5,ANCHOR-REF,[WPA2],27:11,6,2437,-50,0,0,0,-1,WIFI,1,Espressif,-1,-1,0,-1,1631250,1
AA:BB:CC:DD:EE:0B,NETGEAR47,[WPA2],27:11,9,2452,-65,0,0,0,-1,WIFI,1,Netgear,-1,-1,0,-1,1631301,1
30:76:F5:06:28:C5,ANCHOR-REF,[WPA2],27:11,6,2437,-57,0,0,0,-1,WIFI,2,Espressif,-1,-1,0,-1,1631411,1
AA:BB:CC:DD:EE:01,HomeNetwork_2G,[WPA3],27:16,6,2437,-82,0,0,0,-1,WIFI,1,Espressif,-1,-1,0,-1,1636927,1
AA:BB:CC:DD:EE:0F,Studio,[WPA3],27:22,6,2437,-69,0,0,0,-1,WIFI,1,Raspberry Pi Trading Ltd,-1,-1,0,-1,1642729,1
AA:BB:CC:DD:EE:02,CoffeeShop,[WPA2],27:28,4,2427,-73,0,0,0,-1,WIFI,1,Unknown,-1,-1,0,-1,1648244,1
AA:BB:CC:DD:EE:04,LibraryWiFi,[WPA2][WPA3],27:34,1,2412,-56,0,0,0,-1,WIFI,2,Apple Inc,-1,-1,0,-1,1654048,1
AA:BB:CC:DD:EE:0E,Garage,[WPA3],27:39,3,2422,-56,0,0,0,-1,WIFI,1,Samsung Electronics,-1,-1,0,-1,1659637,1
AA:BB:CC:DD:EE:0D,IoT-Hub,[ESS],27:45,6,2437,-61,0,0,0,-1,WIFI,2,Samsung Electronics,-1,-1,0,-1,1665133,1
30:76:F5:06:28:C5,ANCHOR-REF,[WPA2],27:48,6,2437,-52,0,0,0,-1,WIFI,1,Espressif,-1,-1,0,-1,1668750,1
30:76:F5:06:28:C5,ANCHOR-REF,[WPA2],27:48,6,2437,-58,0,0,0,-1,WIFI,2,Espressif,-1,-1,0,-1,1668880,1
AA:BB:CC:DD:EE:0B,NETGEAR47,[WPA2],27:50,9,2452,-56,0,0,0,-1,WIFI,2,Netgear,-1,-1,0,-1,1670679,1
AA:BB:CC:DD:EE:04,LibraryWiFi,[WPA2][WPA3],27:56,1,2412,-56,0,0,0,-1,WIFI,1,Apple Inc,-1,-1,0,-1,1676429,1
AA:BB:CC:DD:EE:01,HomeNetwork_2G,[WPA3],28:01,6,2437,-81,0,0,0,-1,WIFI,1,Espressif,-1,-1,0,-1,1681947,1
AA:BB:CC:DD:EE:0A,,[ESS],28:07,11,2462,-74,0,0,0,-1,WIFI,2,Unknown,-1,-1,0,-1,1687519,1
AA:BB:CC:DD:EE:0E,Garage,[WPA3],28:13,3,2422,-55,0,0,0,-1,WIFI,1,Samsung Electronics,-1,-1,0,-1,1693130,1
AA:BB:CC:DD:EE:03,(hidden),[WPA3],28:18,9,2452,-55,0,0,0,-1,WIFI,2,Cisco Systems,-1,-1,0,-1,1698940,1
AA:BB:CC:DD:EE:01,HomeNetwork_2G,[WPA3],28:24,6,2437,-77,0,0,0,-1,WIFI,2,Espressif,-1,-1,0,-1,1704479,1
30:76:F5:06:28:C5,ANCHOR-REF,[WPA2],28:26,6,2437,-53,0,0,0,-1,WIFI,1,Espressif,-1,-1,0,-1,1706250,1
30:76:F5:06:28:C5,ANCHOR-REF,[WPA2],28:26,6,2437,-62,0,0,0,-1,WIFI,2,Espressif,-1,-1,0,-1,1706371,1
AA:BB:CC:DD:EE:02,CoffeeShop,[WPA2],28:30,4,2427,-70,0,0,0,-1,WIFI,1,Unknown,-1,-1,0,-1,1710247,1
AA:BB:CC:DD:EE:0B,NETGEAR47,[WPA2],28:35,9,2452,-55,0,0,0,-1,WIFI,2,Netgear,-1,-1,0,-1,1715827,1
AA:BB:CC:DD:EE:02,CoffeeShop,[WPA2],28:41,4,2427,-76,0,0,0,-1,WIFI,2,Unknown,-1,-1,0,-1,1721523,1
AA:BB:CC:DD:EE:05,Office-Guest,[WEP],28:47,1,2412,-79,0,0,0,-1,WIFI,1,Netgear,-1,-1,0,-1,1727231,1
AA:BB:CC:DD:EE:05,Office-Guest,[WEP],28:52,1,2412,-83,0,0,0,-1,WIFI,1,Netgear,-1,-1,0,-1,1732841,1
AA:BB:CC:DD:EE:0C,PrintServer,[WPA2],28:58,9,2452,-80,0,0,0,-1,WIFI,2,Apple Inc,-1,-1,0,-1,1738284,1
30:76:F5:06:28:C5,ANCHOR-REF,[WPA2],29:03,6,2437,-52,0,0,0,-1,WIFI,1,Espressif,-1,-1,0,-1,1743750,1
30:76:F5:06:28:C5,ANCHOR-REF,[WPA2],29:03,6,2437,-60,0,0,0,-1,WIFI,2,Espressif,-1,-1,0,-1,1743926,1
AA:BB:CC:DD:EE:07,xfinitywifi,[WPA2][WPA3],29:03,13,2472,-51,0,0,0,-1,WIFI,1,Cisco Systems,-1,-1,0,-1,1743962,1
AA:BB:CC:DD:EE:0B,NETGEAR47,[WPA2],29:09,9,2452,-54,0,0,0,-1,WIFI,1,Netgear,-1,-1,0,-1,1749561,1
AA:BB:CC:DD:EE:04,LibraryWiFi,[WPA2][WPA3],29:15,1,2412,-55,0,0,0,-1,WIFI,2,Apple Inc,-1,-1,0,-1,1755207,1
AA:BB:CC:DD:EE:07,xfinitywifi,[WPA2][WPA3],29:20,13,2472,-62,0,0,0,-1,WIFI,1,Cisco Systems,-1,-1,0,-1,1760705,1
AA:BB:CC:DD:EE:0A,,[ESS],29:26,11,2462,-70,0,0,0,-1,WIFI,2,Unknown,-1,-1,0,-1,1766457,1
AA:BB:CC:DD:EE:03,(hidden),[WPA3],29:32,9,2452,-56,0,0,0,-1,WIFI,1,Cisco Systems,-1,-1,0,-1,1772270,1
AA:BB:CC:DD:EE:03,(hidden),[WPA3],29:37,9,2452,-50,0,0,0,-1,WIFI,2,Cisco Systems,-1,-1,0,-1,1777782,1
30:76:F5:06:28:C5,ANCHOR-REF,[WPA2],29:41,6,2437,-53,0,0,0,-1,WIFI,1,Espressif,-1,-1,0,-1,1781250,1
30:76:F5:06:28:C5,ANCHOR-REF,[WPA2],29:41,6,2437,-61,0,0,0,-1,WIFI,2,Espressif,-1,-1,0,-1,1781359,1
AA:BB:CC:DD:EE:0A,,[ESS],29:43,11,2462,-72,0,0,0,-1,WIFI,2,Unknown,-1,-1,0,-1,1783170,1
AA:BB:CC:DD:EE:09,Linksys,[WPA3],29:49,3,2422,-76,0,0,0,-1,WIFI,1,Raspberry Pi Trading Ltd,-1,-1,0,-1,1789127,1
AA:BB:CC:DD:EE:03,(hidden),[WPA3],29:54,9,2452,-55,0,0,0,-1,WIFI,2,Cisco Systems,-1,-1,0,-1,1794520,1
